model,attack,secret,risk,ci_low,ci_high
CTGAN,inference,LIMIT_BAL,0.0,0.0,0.004880007262702212
CTGAN,inference,SEX,0.027743988483918708,0.0,0.09776116946434553
CTGAN,inference,EDUCATION,0.0,0.0,0.040389818451413914
CTGAN,inference,MARRIAGE,0.057029931566485476,0.0,0.12946664910456193
CTGAN,inference,AGE,0.0020619680092233287,0.0,0.015232845823222294
CTGAN,inference,PAY_1,0.0,0.0,0.04883973773739424
CTGAN,inference,PAY_2,0.0,0.0,0.0527809814461903
CTGAN,inference,PAY_3,0.0,0.0,0.03249123755823459
CTGAN,inference,PAY_4,0.0,0.0,0.0642570338642619
CTGAN,inference,PAY_5,0.005263889950281167,0.0,0.09646616922750467
CTGAN,inference,PAY_6,0.12020757840644389,0.0412948673554432,0.1991202894574446
CTGAN,inference,BILL_AMT1,0.0,0.0,0.0018085652115795217
CTGAN,inference,BILL_AMT2,0.0,0.0,0.0018085652115795217
CTGAN,inference,BILL_AMT3,0.0,0.0,0.0018085652115795217
CTGAN,inference,BILL_AMT4,0.0,0.0,0.0018085652115795217
CTGAN,inference,BILL_AMT5,0.0,0.0,0.0018085652115795217
CTGAN,inference,BILL_AMT6,0.0,0.0,0.0018085652115795217
CTGAN,inference,PAY_AMT1,0.0,0.0,0.015645572612508502
CTGAN,inference,PAY_AMT2,0.0,0.0,0.00806025500373454
CTGAN,inference,PAY_AMT3,0.0,0.0,0.02945133980714591
CTGAN,inference,PAY_AMT4,0.0,0.0,0.03370221728226241
CTGAN,inference,PAY_AMT5,0.0022289574225625667,0.0,0.026735809557009695
CTGAN,inference,PAY_AMT6,0.0,0.0,0.02941972201320996
CTGAN,inference,def_pay,0.0,0.0,1.0
CTAB-GAN+,inference,LIMIT_BAL,0.0,0.0,0.0018085652115795217
CTAB-GAN+,inference,SEX,0.016395218112851474,0.0,0.08917885252894314
CTAB-GAN+,inference,EDUCATION,0.04560653122325964,0.0,0.10152421756736842
CTAB-GAN+,inference,MARRIAGE,0.0,0.0,0.04149939561328616
CTAB-GAN+,inference,AGE,0.006896928774903986,0.0,0.021129256209975862
CTAB-GAN+,inference,PAY_1,0.0,0.0,0.06471609950095704
CTAB-GAN+,inference,PAY_2,0.04900642487348865,0.0,0.15507323561465963
CTAB-GAN+,inference,PAY_3,0.025765907444206267,0.0,0.1373451690802585
CTAB-GAN+,inference,PAY_4,0.0,0.0,0.0022475025562587736
CTAB-GAN+,inference,PAY_5,0.04216239399961029,0.0,0.15252152527329327
CTAB-GAN+,inference,PAY_6,0.06535679380511455,0.0,0.1617445887275123
CTAB-GAN+,inference,BILL_AMT1,0.0006658141008497828,0.0,0.0028952864062306675
CTAB-GAN+,inference,BILL_AMT2,0.0,0.0,0.0018085652115795217
CTAB-GAN+,inference,BILL_AMT3,0.0,0.0,0.0018085652115795217
CTAB-GAN+,inference,BILL_AMT4,0.0,0.0,0.0018085652115795217
CTAB-GAN+,inference,BILL_AMT5,0.0,0.0,0.0018085652115795217
CTAB-GAN+,inference,BILL_AMT6,0.0,0.0,0.0018085652115795217
CTAB-GAN+,inference,PAY_AMT1,0.0,0.0,0.0018085652115795217
CTAB-GAN+,inference,PAY_AMT2,0.0006662577046243214,0.0,0.0035612180865065694
CTAB-GAN+,inference,PAY_AMT3,0.0,0.0,0.0015661863966192368
CTAB-GAN+,inference,PAY_AMT4,0.0,0.0,0.0018085652115795217
CTAB-GAN+,inference,PAY_AMT5,0.0,0.0,0.0015661863966192368
CTAB-GAN+,inference,PAY_AMT6,0.0,0.0,0.0018085652115795217
CTAB-GAN+,inference,def_pay,0.0,0.0,1.0
