modelo,metric,dim,val,err,n_val,n_err
CTGAN,nnaa,u,0.7790999589490969,0.0007495333911754789,0.2209000410509031,0.0007495333911754789
CTGAN,priv_loss_nnaa,p,-0.02106595511767928,0.0014970962722470136,0.9789340448823207,0.0014970962722470136
CTGAN,median_DCR,p,2.0973718548696976,,0.9702985271017691,
CTGAN,eps_identif_risk,p,0.2481527093596059,,0.7518472906403941,
CTGAN,priv_loss_eps,p,0.07050492610837436,,0.9294950738916257,
CTAB-GAN+,nnaa,u,0.7950584975369459,0.0008867576879595419,0.2049415024630541,0.0008867576879595419
CTAB-GAN+,priv_loss_nnaa,p,-0.025805623973727432,0.0013731070709192756,0.9741943760262726,0.0013731070709192756
CTAB-GAN+,median_DCR,p,2.1107680049254403,,0.9710723751237278,
CTAB-GAN+,eps_identif_risk,p,0.31096059113300495,,0.6890394088669951,
CTAB-GAN+,priv_loss_eps,p,0.10529556650246308,,0.8947044334975369,
