Column,Type,Metric,Value,Lower_is_better,p_value
job,categorical,TVD,0.1442,True,
marital,categorical,TVD,0.158,True,
education,categorical,TVD,0.1578,True,
default,categorical,TVD,0.0053,True,
housing,categorical,TVD,0.1026,True,
loan,categorical,TVD,0.0547,True,
contact,categorical,TVD,0.0005,True,
month,categorical,TVD,0.1445,True,
day_of_week,categorical,TVD,0.1003,True,
poutcome,categorical,TVD,0.0585,True,
was_contacted,categorical,TVD,0.0341,True,
age,continuous,KS,0.1708,True,0.0
age,continuous,Wasserstein,5.28,True,
campaign,continuous,KS,0.1761,True,0.0
campaign,continuous,Wasserstein,0.3,True,
previous,continuous,KS,0.025,True,0.057
previous,continuous,Wasserstein,0.07,True,
emp.var.rate,continuous,KS,0.2099,True,0.0
emp.var.rate,continuous,Wasserstein,0.14,True,
cons.price.idx,continuous,KS,0.0697,True,0.0
cons.price.idx,continuous,Wasserstein,0.06,True,
cons.conf.idx,continuous,KS,0.1413,True,0.0
cons.conf.idx,continuous,Wasserstein,1.22,True,
euribor3m,continuous,KS,0.1762,True,0.0
euribor3m,continuous,Wasserstein,0.1,True,
nr.employed,continuous,KS,0.1482,True,0.0
nr.employed,continuous,Wasserstein,7.42,True,
