model,metric,min,max,mean,stddev,median,iqr,rounds,errors,durations,direction
CTGAN,sanity.nearest_syn_neighbor_distance.mean,0.2801108830656887,0.2801108830656887,0.2801108830656887,0.0,0.2801108830656887,0.0,1,0,2.13,minimize
CTGAN,stats.ks_test.marginal,0.9024987036556912,0.9024987036556912,0.9024987036556912,0.0,0.9024987036556912,0.0,1,0,0.04,maximize
CTGAN,stats.prdc.precision,0.22475369458128078,0.22475369458128078,0.22475369458128078,0.0,0.22475369458128078,0.0,1,0,0.52,maximize
CTGAN,stats.prdc.recall,0.9806034482758621,0.9806034482758621,0.9806034482758621,0.0,0.9806034482758621,0.0,1,0,0.52,maximize
CTGAN,stats.prdc.density,0.12019704433497538,0.12019704433497538,0.12019704433497538,0.0,0.12019704433497538,0.0,1,0,0.52,maximize
CTGAN,stats.prdc.coverage,0.2770935960591133,0.2770935960591133,0.2770935960591133,0.0,0.2770935960591133,0.0,1,0,0.52,maximize
CTGAN,stats.alpha_precision.delta_precision_alpha_OC,0.9184729064039409,0.9184729064039409,0.9184729064039409,0.0,0.9184729064039409,0.0,1,0,2.24,maximize
CTGAN,stats.alpha_precision.delta_coverage_beta_OC,0.277175697865353,0.277175697865353,0.277175697865353,0.0,0.277175697865353,0.0,1,0,2.24,maximize
CTGAN,stats.alpha_precision.authenticity_OC,0.6859605911330049,0.6859605911330049,0.6859605911330049,0.0,0.6859605911330049,0.0,1,0,2.24,maximize
CTGAN,stats.alpha_precision.delta_precision_alpha_naive,0.9736863711001642,0.9736863711001642,0.9736863711001642,0.0,0.9736863711001642,0.0,1,0,2.24,maximize
CTGAN,stats.alpha_precision.delta_coverage_beta_naive,0.1427750410509031,0.1427750410509031,0.1427750410509031,0.0,0.1427750410509031,0.0,1,0,2.24,maximize
CTGAN,stats.alpha_precision.authenticity_naive,0.7490763546798029,0.7490763546798029,0.7490763546798029,0.0,0.7490763546798029,0.0,1,0,2.24,maximize
CTGAN,detection.detection_xgb.mean,1.0,1.0,1.0,0.0,1.0,0.0,1,0,0.36,minimize
CTAB-GAN+,sanity.nearest_syn_neighbor_distance.mean,0.13393531579268794,0.13393531579268794,0.13393531579268794,0.0,0.13393531579268794,0.0,1,0,0.01,minimize
CTAB-GAN+,stats.ks_test.marginal,0.8727800103707545,0.8727800103707545,0.8727800103707545,0.0,0.8727800103707545,0.0,1,0,0.04,maximize
CTAB-GAN+,stats.prdc.precision,0.3669950738916256,0.3669950738916256,0.3669950738916256,0.0,0.3669950738916256,0.0,1,0,0.54,maximize
CTAB-GAN+,stats.prdc.recall,0.7241379310344828,0.7241379310344828,0.7241379310344828,0.0,0.7241379310344828,0.0,1,0,0.54,maximize
CTAB-GAN+,stats.prdc.density,0.24852216748768474,0.24852216748768474,0.24852216748768474,0.0,0.24852216748768474,0.0,1,0,0.54,maximize
CTAB-GAN+,stats.prdc.coverage,0.29710591133004927,0.29710591133004927,0.29710591133004927,0.0,0.29710591133004927,0.0,1,0,0.54,maximize
CTAB-GAN+,stats.alpha_precision.delta_precision_alpha_OC,0.9134852216748769,0.9134852216748769,0.9134852216748769,0.0,0.9134852216748769,0.0,1,0,0.09,maximize
CTAB-GAN+,stats.alpha_precision.delta_coverage_beta_OC,0.2862274220032841,0.2862274220032841,0.2862274220032841,0.0,0.2862274220032841,0.0,1,0,0.09,maximize
CTAB-GAN+,stats.alpha_precision.authenticity_OC,0.708128078817734,0.708128078817734,0.708128078817734,0.0,0.708128078817734,0.0,1,0,0.09,maximize
CTAB-GAN+,stats.alpha_precision.delta_precision_alpha_naive,0.8997742200328407,0.8997742200328407,0.8997742200328407,0.0,0.8997742200328407,0.0,1,0,0.09,maximize
CTAB-GAN+,stats.alpha_precision.delta_coverage_beta_naive,0.17658045977011494,0.17658045977011494,0.17658045977011494,0.0,0.17658045977011494,0.0,1,0,0.09,maximize
CTAB-GAN+,stats.alpha_precision.authenticity_naive,0.7342980295566502,0.7342980295566502,0.7342980295566502,0.0,0.7342980295566502,0.0,1,0,0.09,maximize
CTAB-GAN+,detection.detection_xgb.mean,1.0,1.0,1.0,0.0,1.0,0.0,1,0,0.31,minimize
CTGAN,privacy.identifiability_score.score,0.048337438423645324,0.048337438423645324,0.048337438423645324,0.0,0.048337438423645324,0.0,1,0,2.07,minimize
CTGAN,privacy.identifiability_score.score_OC,0.19427339901477833,0.19427339901477833,0.19427339901477833,0.0,0.19427339901477833,0.0,1,0,2.07,minimize
CTAB-GAN+,privacy.identifiability_score.score,0.09020935960591132,0.09020935960591132,0.09020935960591132,0.0,0.09020935960591132,0.0,1,0,0.09,minimize
CTAB-GAN+,privacy.identifiability_score.score_OC,0.21520935960591134,0.21520935960591134,0.21520935960591134,0.0,0.21520935960591134,0.0,1,0,0.09,minimize
