,mean,std,p25,p50,p75,p95,p99
LIMIT_BAL,130877.86,115896.59,50000.0,90000.0,200000.0,360000.0,500000.0
AGE,35.62,9.71,28.0,34.0,42.0,53.0,61.0
BILL_AMT1,48651.71,73432.46,3030.0,20290.0,60455.0,195297.6,353988.0
BILL_AMT2,47673.92,71768.34,2524.0,20380.0,58941.0,190528.8,354187.44
BILL_AMT3,45637.28,68749.32,2500.0,19930.0,56950.0,180487.2,337522.16
BILL_AMT4,42611.56,64887.37,2140.0,19305.0,50767.0,175063.8,315785.92
BILL_AMT5,39816.49,61219.03,1505.0,18535.0,48026.0,165826.4,297693.4
BILL_AMT6,38541.87,59608.84,1150.0,18134.0,47740.0,159452.8,285955.12
PAY_AMT1,3491.94,10489.57,0.0,1604.0,3472.0,11175.2,32341.4
PAY_AMT2,3358.3,11018.02,0.0,1542.0,3400.0,10299.2,25338.44
PAY_AMT3,3383.33,12912.23,0.0,1200.0,3000.0,10946.4,36665.08
PAY_AMT4,3170.28,11328.9,0.0,1000.0,3000.0,10800.0,40112.0
PAY_AMT5,3195.86,11278.19,0.0,1000.0,3000.0,10000.0,34234.48
PAY_AMT6,3512.72,14147.56,0.0,1000.0,2976.0,10008.4,50000.0
