,LIMIT_BAL,SEX,EDUCATION,MARRIAGE,AGE,PAY_1,PAY_2,PAY_3,PAY_4,PAY_5,PAY_6,BILL_AMT1,BILL_AMT2,BILL_AMT3,BILL_AMT4,BILL_AMT5,BILL_AMT6,PAY_AMT1,PAY_AMT2,PAY_AMT3,PAY_AMT4,PAY_AMT5,PAY_AMT6
LIMIT_BAL,1.0,0.03446006699173513,-0.24940566016084212,-0.1177186016742067,0.16987156155683025,-0.24947845171204353,-0.31453530327713664,-0.31521592999551773,-0.30639621083392626,-0.2845958340047544,-0.2696822553280608,0.3524358014004553,0.3444365369156765,0.3377874418518347,0.34087249883639337,0.34324605808208847,0.3307714619132757,0.1596632575570168,0.19057351489329427,0.17168292948410216,0.17003386145643842,0.18614355346190772,0.19588641695065911
SEX,0.03446006699173513,1.0,0.010584937139060615,-0.028752494184023463,-0.09743131236568266,-0.02894165772377076,-0.052870395041638006,-0.06905343328092514,-0.05643135244126496,-0.054696095912131,-0.054301593384197024,-0.018639504482890448,-0.019539187179016808,-0.007755264381376446,-0.009048062652020513,-0.01580507223519997,-0.01799845515398523,-0.006178017879714235,0.011683462391715096,-0.024035610520403938,-0.022728181058420182,-0.00024091062107588063,-0.0015105233540696967
EDUCATION,-0.24940566016084212,0.010584937139060615,1.0,-0.14020078836875285,0.17841629869048287,0.09567760744050767,0.12124332684653315,0.12273834677319864,0.11739532022907191,0.09407332805257368,0.07578481143291443,-0.0036683237780132717,-0.0048774188591963075,-0.0031941706494958287,-0.013712312168869775,-0.029422607906205926,-0.030066632277885634,-0.005866461962324906,-0.004231645632508051,-0.032520847291651105,-0.03976848600510077,-0.0245097060643272,-0.02871854182719593
MARRIAGE,-0.1177186016742067,-0.028752494184023463,-0.14020078836875285,1.0,-0.4147259112631814,0.013573925090239738,0.0042727687982033365,0.02100699179149653,0.020867924973417815,0.019888903583575007,0.023573396094743782,-0.050067280289000864,-0.04957625147307421,-0.0508089695561601,-0.05272132072765362,-0.05193491938207133,-0.050639303553177785,-0.013711997954180913,-0.021742826128953185,-0.017955043048191163,0.00657176238983607,-0.014741523953787418,0.010168348397363578
AGE,0.16987156155683025,-0.09743131236568266,0.17841629869048287,-0.4147259112631814,1.0,-0.04551904621680143,-0.04998439280487296,-0.051297224481905,-0.043369001872608365,-0.05584056722077519,-0.05570824895348115,0.04942689891635925,0.05005573644676127,0.05056132266658524,0.047373880858832554,0.043898701311142554,0.04197398125069278,0.02381665105024887,0.031859829421119375,-0.0009624163581878901,0.007448730394522177,0.007334172322932972,0.0214087694871442
PAY_1,-0.24947845171204353,-0.02894165772377076,0.09567760744050767,0.013573925090239738,-0.04551904621680143,1.0,0.6550063776566606,0.5527934110412881,0.5159384231943914,0.48896487675192374,0.4659833341733022,0.1874202666655824,0.19572630518748207,0.19916790449016497,0.20801294433135536,0.21807926774865072,0.21359868606320634,-0.054344370191188394,-0.03796826777672692,-0.028228504291642736,-0.032330335697716026,-0.025257917224027173,-0.02617701664360645
PAY_2,-0.31453530327713664,-0.052870395041638006,0.12124332684653315,0.0042727687982033365,-0.04998439280487296,0.6550063776566606,1.0,0.7575274361071951,0.6259146558691717,0.5915674952337585,0.5715788965479235,0.193687349314931,0.19755690961167283,0.20351166895167988,0.2143477625567178,0.22557830199349296,0.22753761662706837,-0.08231570578818513,-0.05235025625845319,-0.02810457875562242,-0.008050145591949243,-0.015340702319032194,-0.023246765525437457
PAY_3,-0.31521592999551773,-0.06905343328092514,0.12273834677319864,0.02100699179149653,-0.051297224481905,0.5527934110412881,0.7575274361071951,1.0,0.7835255937093999,0.6923200206715446,0.6508876710232844,0.147426575667971,0.17092270295401488,0.17775668543943987,0.1921935524908103,0.202129341119419,0.203947893912699,0.010085186656367453,-0.07196173858864767,-0.025442525589150895,-0.02634481371120163,-0.01840824631494627,-0.02053322497302719
PAY_4,-0.30639621083392626,-0.05643135244126496,0.11739532022907191,0.020867924973417815,-0.043369001872608365,0.5159384231943914,0.6259146558691717,0.7835255937093999,1.0,0.8399267699295269,0.748229370792831,0.12104464472169826,0.13961561842035308,0.16460964690724764,0.17580365230018238,0.1868890696763911,0.1924231627702577,-0.01228036489327803,-0.003485074778472361,-0.07156137674357187,-0.03466316149920736,-0.03411253625801481,-0.02487866136433016
PAY_5,-0.2845958340047544,-0.054696095912131,0.09407332805257368,0.019888903583575007,-0.05584056722077519,0.48896487675192374,0.5915674952337585,0.6923200206715446,0.8399267699295269,1.0,0.8481779950199693,0.1278511253566523,0.14550214413547116,0.16909364694508244,0.19721807715787026,0.21102560112858326,0.2166180640214027,-0.00443500975515745,-0.0026680863650586284,0.017819661578199357,-0.043534123191806336,-0.024705998802630358,-0.019230325641823802
PAY_6,-0.2696822553280608,-0.054301593384197024,0.07578481143291443,0.023573396094743782,-0.05570824895348115,0.4659833341733022,0.5715788965479235,0.6508876710232844,0.748229370792831,0.8481779950199693,1.0,0.13174981680676703,0.14706347591649924,0.1680166650798688,0.19794163441474155,0.2296403292139279,0.23463033796108004,-0.01158902917977578,-0.012521959772476549,0.009938928578837325,0.023650541382727222,-0.046706763232939236,-0.027538576762513946
BILL_AMT1,0.3524358014004553,-0.018639504482890448,-0.0036683237780132717,-0.050067280289000864,0.04942689891635925,0.1874202666655824,0.193687349314931,0.147426575667971,0.12104464472169826,0.1278511253566523,0.13174981680676703,1.0,0.9834348446317348,0.9436611334075528,0.9188351087806789,0.8807857017551064,0.8525582326437599,0.23838226110234267,0.19112353987327918,0.23195280346544495,0.2538664567470317,0.24640951910725814,0.2652368532456548
BILL_AMT2,0.3444365369156765,-0.019539187179016808,-0.0048774188591963075,-0.04957625147307421,0.05005573644676127,0.19572630518748207,0.19755690961167283,0.17092270295401488,0.13961561842035308,0.14550214413547116,0.14706347591649924,0.9834348446317348,1.0,0.9616067101960927,0.9365915032606311,0.8992903957603877,0.869864727231208,0.3116909617580789,0.19280735616370914,0.22905551562486265,0.24376316053365008,0.24249766762909725,0.25221870541438624
BILL_AMT3,0.3377874418518347,-0.007755264381376446,-0.0031941706494958287,-0.0508089695561601,0.05056132266658524,0.19916790449016497,0.20351166895167988,0.17775668543943987,0.16460964690724764,0.16909364694508244,0.1680166650798688,0.9436611334075528,0.9616067101960927,1.0,0.9594945869890592,0.9234388962210389,0.8897285333432451,0.2990270328976512,0.2812247804169914,0.18439042840432202,0.23443108390468223,0.23195498300075812,0.2588168171322688
BILL_AMT4,0.34087249883639337,-0.009048062652020513,-0.013712312168869775,-0.05272132072765362,0.047373880858832554,0.20801294433135536,0.2143477625567178,0.1921935524908103,0.17580365230018238,0.19721807715787026,0.19794163441474155,0.9188351087806789,0.9365915032606311,0.9594945869890592,1.0,0.96114410801725,0.9264519742867857,0.28768031237405917,0.23369059236020928,0.30488810150896706,0.2232150663201197,0.20656969485743634,0.22963170896497087
BILL_AMT5,0.34324605808208847,-0.01580507223519997,-0.029422607906205926,-0.05193491938207133,0.043898701311142554,0.21807926774865072,0.22557830199349296,0.202129341119419,0.1868890696763911,0.21102560112858326,0.2296403292139279,0.8807857017551064,0.8992903957603877,0.9234388962210389,0.96114410801725,1.0,0.9618505570998767,0.2659189756071289,0.21917351082300351,0.2906478245791771,0.3126604649849208,0.17034802732843027,0.20575658872354918
BILL_AMT6,0.3307714619132757,-0.01799845515398523,-0.030066632277885634,-0.050639303553177785,0.04197398125069278,0.21359868606320634,0.22753761662706837,0.203947893912699,0.1924231627702577,0.2166180640214027,0.23463033796108004,0.8525582326437599,0.869864727231208,0.8897285333432451,0.9264519742867857,0.9618505570998767,1.0,0.23135371724982254,0.19767368283066575,0.2786280909106588,0.28890424797159897,0.2846746965056824,0.12921873893565577
PAY_AMT1,0.1596632575570168,-0.006178017879714235,-0.005866461962324906,-0.013711997954180913,0.02381665105024887,-0.054344370191188394,-0.08231570578818513,0.010085186656367453,-0.01228036489327803,-0.00443500975515745,-0.01158902917977578,0.23838226110234267,0.3116909617580789,0.2990270328976512,0.28768031237405917,0.2659189756071289,0.23135371724982254,1.0,0.1204657965616756,0.15854909935211633,0.14865375849258763,0.12337455477329776,0.21025167333356043
PAY_AMT2,0.19057351489329427,0.011683462391715096,-0.004231645632508051,-0.021742826128953185,0.031859829421119375,-0.03796826777672692,-0.05235025625845319,-0.07196173858864767,-0.003485074778472361,-0.0026680863650586284,-0.012521959772476549,0.19112353987327918,0.19280735616370914,0.2812247804169914,0.23369059236020928,0.21917351082300351,0.19767368283066575,0.1204657965616756,1.0,0.10948790722413301,0.11737442746515284,0.1567795488390741,0.15062593569506347
PAY_AMT3,0.17168292948410216,-0.024035610520403938,-0.032520847291651105,-0.017955043048191163,-0.0009624163581878901,-0.028228504291642736,-0.02810457875562242,-0.025442525589150895,-0.07156137674357187,0.017819661578199357,0.009938928578837325,0.23195280346544495,0.22905551562486265,0.18439042840432202,0.30488810150896706,0.2906478245791771,0.2786280909106588,0.15854909935211633,0.10948790722413301,1.0,0.0877881380669531,0.12857170241119492,0.11478882757570649
PAY_AMT4,0.17003386145643842,-0.022728181058420182,-0.03976848600510077,0.00657176238983607,0.007448730394522177,-0.032330335697716026,-0.008050145591949243,-0.02634481371120163,-0.03466316149920736,-0.043534123191806336,0.023650541382727222,0.2538664567470317,0.24376316053365008,0.23443108390468223,0.2232150663201197,0.3126604649849208,0.28890424797159897,0.14865375849258763,0.11737442746515284,0.0877881380669531,1.0,0.08092813397798318,0.1282677083234881
PAY_AMT5,0.18614355346190772,-0.00024091062107588063,-0.0245097060643272,-0.014741523953787418,0.007334172322932972,-0.025257917224027173,-0.015340702319032194,-0.01840824631494627,-0.03411253625801481,-0.024705998802630358,-0.046706763232939236,0.24640951910725814,0.24249766762909725,0.23195498300075812,0.20656969485743634,0.17034802732843027,0.2846746965056824,0.12337455477329776,0.1567795488390741,0.12857170241119492,0.08092813397798318,1.0,0.14606380161742244
PAY_AMT6,0.19588641695065911,-0.0015105233540696967,-0.02871854182719593,0.010168348397363578,0.0214087694871442,-0.02617701664360645,-0.023246765525437457,-0.02053322497302719,-0.02487866136433016,-0.019230325641823802,-0.027538576762513946,0.2652368532456548,0.25221870541438624,0.2588168171322688,0.22963170896497087,0.20575658872354918,0.12921873893565577,0.21025167333356043,0.15062593569506347,0.11478882757570649,0.1282677083234881,0.14606380161742244,1.0
