model,variant,metric,dim,val,err,n_val,n_err
CTGAN,A_PAY_categorical,nnaa,u,0.768130606386796,0.000723984719415253,0.23186939361320402,0.000723984719415253
CTGAN,A_PAY_categorical,priv_loss_nnaa,p,-0.034361980905463385,0.0011562950867422682,0.9656380190945366,0.0011562950867422682
CTGAN,A_PAY_categorical,median_DCR,p,4.866878876566552,,0.9998815085580761,
CTGAN,A_PAY_categorical,eps_identif_risk,p,0.09881593110871906,,0.9011840688912809,
CTGAN,A_PAY_categorical,priv_loss_eps,p,0.014639397201291718,,0.9853606027987083,
CTAB-GAN+,A_PAY_categorical,nnaa,u,0.6140868317186939,0.0006029783804775707,0.38591316828130606,0.0006029783804775707
CTAB-GAN+,A_PAY_categorical,priv_loss_nnaa,p,-0.01772821795676527,0.0016315999250481467,0.9822717820432347,0.0016315999250481467
CTAB-GAN+,A_PAY_categorical,median_DCR,p,1.6480261265880674,,0.9285862624288831,
CTAB-GAN+,A_PAY_categorical,eps_identif_risk,p,0.23186221743810548,,0.7681377825618945,
CTAB-GAN+,A_PAY_categorical,priv_loss_eps,p,0.05554359526372443,,0.9444564047362756,
CTGAN,B_PAY_numerical,nnaa,u,0.7761715105848582,0.0006361628945351647,0.22382848941514177,0.0006361628945351647
CTGAN,B_PAY_numerical,priv_loss_nnaa,p,-0.03641761806853505,0.001334820380196298,0.963582381931465,0.001334820380196298
CTGAN,B_PAY_numerical,median_DCR,p,2.8661013847226897,,0.9935410614391655,
CTGAN,B_PAY_numerical,eps_identif_risk,p,0.0876210979547901,,0.9123789020452099,
CTGAN,B_PAY_numerical,priv_loss_eps,p,0.01894510226049516,,0.9810548977395048,
CTAB-GAN+,B_PAY_numerical,nnaa,u,0.6132508073196985,0.0005010318805148071,0.3867491926803015,0.0005010318805148071
CTAB-GAN+,B_PAY_numerical,priv_loss_nnaa,p,-0.0196211404856117,0.0016765046167441428,0.9803788595143883,0.0016765046167441428
CTAB-GAN+,B_PAY_numerical,median_DCR,p,1.4793207515813134,,0.9013406489746778,
CTAB-GAN+,B_PAY_numerical,eps_identif_risk,p,0.22992465016146393,,0.7700753498385361,
CTAB-GAN+,B_PAY_numerical,priv_loss_eps,p,0.06092572658772874,,0.9390742734122712,
